ADDRESS,CITY,EMAIL,FIRSTNAME,LASTNAME,PHONENUMBER,STATE,ZIPCODE
Paris Suburb,Paris,srpa.apshankar@gmail.com,Sagar,Apshankar,7508844433,France,778009
Kothrud,Pune,ms.phoujdar@gmail.com,Shubham,Phoujdar,8806615537,Maharashtra,411038
Kormangala,Bangalore,pb.singh@gmail.com,Prince,Singh,8888844444,Karnataka,800001
Kothrud,Pune,ms.phoujdar@gmail.com,Manisha,Phoujdar,8806615535,Maharashtra,411038
Vadgaon,Pune,pm.singh@gmail.com,Prince,Singh,8888855555,Maharashtra,400001
Kothrud,Pune,ms.phoujdar@gmail.com,Shivani,Phoujdar,8806615536,Maharashtra,411038
Andheri,Mumbai,pm.singh@gmail.com,Prince,Singh,8888855555,Maharashtra,400001
Kothrud,Mumbai,sm.phoujdar@gmail.com,Shubham,Phoujdar,8806615534,Maharashtra,411038
Kormangala,Bangalore,pb.singh@gmail.com,Prince,Singh,8888844444,Karnataka,800001
Mayur Colony,Pune,st.joshi@gmail.com,Satej,Joshi,8888844433,Maharashtra,440001
Karishma,Pune,st.Hardikar@gmail.com,Aditya,Hardikar,8288844433,Maharashtra,440001
Powai,Mumbai,st.joshi@gmail.com,Satej,Joshi,8888844433,Maharashtra,440001
College,Boston,st1.joshi@gmail.com,Satej,Joshi,1008844433,California,110110
IISC,Bangalore,st.Hardikar@gmail.com,Aditya,Hardikar,8288844433,Karnataka,440001
NYU,New York,st1.Hardikar@gmail.com,Aditya,Hardikar,1208844433,New York State,110110
Job,Pune,hp.phoujdar@gmail.com,Harsh,Phoujdar,3238844433,Maharashtra,330450
Job,Dublin,hp.phoujdar@gmail.com,Harsh,Phoujdar,3238844433,South Ireland,330450
Aundh,Pune,srpu.apshankar@gmail.com,Sagar,Apshankar,9658844433,Maharashtra,411038
